{
  "project_info": {
    "project_number": "113303347357",
    "firebase_url": "https://phoneauthdemo-be8a0-default-rtdb.firebaseio.com",
    "project_id": "phoneauthdemo-be8a0",
    "storage_bucket": "phoneauthdemo-be8a0.appspot.com"
  },
  "client": [
    {
      "client_info": {
        "mobilesdk_app_id": "1:113303347357:android:d971560e4a1476448a7474",
        "android_client_info": {
          "package_name": "com.example.phoneauthdemo"
        }
      },
      "oauth_client": [
        {
          "client_id": "113303347357-0oo9n44ftervqoo03t2n8uick9g08p2n.apps.googleusercontent.com",
          "client_type": 3
        }
      ],
      "api_key": [
        {
          "current_key": "AIzaSyC7iGp4LZGh7YXl5NcucI_7Qkm4rGgAo10"
        }
      ],
      "services": {
        "appinvite_service": {
          "other_platform_oauth_client": [
            {
              "client_id": "113303347357-0oo9n44ftervqoo03t2n8uick9g08p2n.apps.googleusercontent.com",
              "client_type": 3
            }
          ]
        }
      }
    }
  ],
  "configuration_version": "1"
}